models/model.onnx,vnnlib/prop_digit0_eps0.01.vnnlib,120
models/model.onnx,vnnlib/prop_digit1_eps0.01.vnnlib,120
models/model.onnx,vnnlib/prop_digit2_eps0.01.vnnlib,120
models/model.onnx,vnnlib/prop_digit3_eps0.01.vnnlib,120
models/model.onnx,vnnlib/prop_digit4_eps0.01.vnnlib,120
models/model.onnx,vnnlib/prop_digit5_eps0.01.vnnlib,120
models/model.onnx,vnnlib/prop_digit6_eps0.01.vnnlib,120
models/model.onnx,vnnlib/prop_digit7_eps0.01.vnnlib,120
models/model.onnx,vnnlib/prop_digit8_eps0.01.vnnlib,120
models/model.onnx,vnnlib/prop_digit9_eps0.01.vnnlib,120
models/model.onnx,vnnlib/prop_digit0_eps0.05.vnnlib,120
models/model.onnx,vnnlib/prop_digit1_eps0.05.vnnlib,120
models/model.onnx,vnnlib/prop_digit2_eps0.05.vnnlib,120
models/model.onnx,vnnlib/prop_digit3_eps0.05.vnnlib,120
models/model.onnx,vnnlib/prop_digit4_eps0.05.vnnlib,120
models/model.onnx,vnnlib/prop_digit5_eps0.05.vnnlib,120
models/model.onnx,vnnlib/prop_digit6_eps0.05.vnnlib,120
models/model.onnx,vnnlib/prop_digit7_eps0.05.vnnlib,120
models/model.onnx,vnnlib/prop_digit8_eps0.05.vnnlib,120
models/model.onnx,vnnlib/prop_digit9_eps0.05.vnnlib,120
